date,wage_nominal_uah,employed_mln,budget_revenue_bln_uah,pit_bln_uah
2005-01-01,610.5673710051162,19.853,12.214103361911818,2.3926279201358014
2005-02-01,635.0609126574437,19.688,12.258829168966358,2.513685231590009
2005-03-01,632.0233097024342,19.795,12.861638055197009,2.4956430361328916
2005-04-01,632.243558859293,19.881,13.50600631966418,2.7572548702610944
2005-05-01,676.6880033037373,20.143,14.890923123945896,3.0296338210330607
2005-06-01,680.4781242113474,20.253,15.34095181970706,2.9670681432382184
2005-07-01,742.735219216739,20.434,16.772177645452327,3.3511923045833
2005-08-01,708.2386950237455,20.295,15.459692900382827,3.125664861369332
2005-09-01,692.022850850024,20.075,15.302954673890813,2.838444749818123
2005-10-01,737.2932296326886,20.23,15.690842204098326,3.26360035567052
2005-11-01,776.4700484089293,20.204,17.09713240290168,3.4576994584107994
2005-12-01,876.1786771285016,19.844,18.60474832388169,3.8074852477568504
2006-01-01,693.0665058918645,19.546,13.307867079442476,2.7743093760124795
2006-02-01,711.3265289862293,19.579,13.16430624793516,2.4296781290223683
2006-03-01,737.3049860248425,19.756,15.415399286312784,3.2542320495269803
2006-04-01,762.5867028363665,19.921,15.993712635915715,3.102794732594331
2006-05-01,840.0334509358061,20.039,16.21275390460729,2.9112710670618616
2006-06-01,849.0639281648329,19.903,17.851863398363516,3.4741502119843215
2006-07-01,920.7105400881138,20.255,19.056960378310254,4.077394082927432
2006-08-01,867.6496999367978,20.157,18.55079744660404,3.7798086200579415
2006-09-01,871.9839670637556,19.73,16.997898452180817,3.4955852733883908
2006-10-01,914.9827925069775,19.973,18.988509981844135,3.7764680910079576
2006-11-01,987.9504962894147,20.059,21.016861730099578,4.279774467872352
2006-12-01,1133.641592346089,19.772,22.266358967213527,4.531149278883718
2007-01-01,803.9831108908029,19.226,14.167484695210574,2.862088097425509
2007-02-01,863.1686438383002,19.105,15.222436404644428,3.0533116920317376
2007-03-01,874.9576658093524,19.206,17.61088740748452,3.616771507206402
2007-04-01,912.2066642031195,19.229,17.49272525365008,3.7864128271786752
2007-05-01,1006.0048319812375,19.384,19.452326412840385,4.196476045223829
2007-06-01,1012.3470273454111,19.604,20.418105083513854,4.2770034570300925
2007-07-01,1123.082587449028,19.591,22.29609558178917,4.249387428197396
2007-08-01,1075.4953960890848,19.53,21.817775183067372,3.9333115351710823
2007-09-01,1082.3930517008398,19.256,19.735600482966145,4.047488730008781
2007-10-01,1150.4742390610932,19.586,22.68965432882707,4.37099078204893
2007-11-01,1260.3144304074149,19.632,24.742209715700472,5.097129893120399
2007-12-01,1441.5602801480204,19.225,26.61673412412998,5.245421005927899
2008-01-01,996.5832229083127,18.926,18.084453619867727,3.579291976295452
2008-02-01,1104.0253263993013,18.949,20.256608663594854,3.89052530059993
2008-03-01,1143.9757808988772,19.207,23.64435993852623,4.588027237039105
2008-04-01,1186.4034856966607,19.24,23.21321829382755,4.5375687246431315
2008-05-01,1314.4458811411646,19.276,26.032966884258077,5.0354115473775485
2008-06-01,1303.394123618821,19.279,26.5589714385192,5.320545641132385
2008-07-01,1395.0677236636338,19.378,25.511955114710762,5.341860012747924
2008-08-01,1366.99733328766,19.347,26.111676666805245,5.141548418279424
2008-09-01,1350.3238281845543,19.231,24.425290206410278,5.107836912152803
2008-10-01,1367.6569107664398,19.236,21.459282393186875,4.206760977426422
2008-11-01,1455.4344019831121,19.225,22.830536030174706,4.842277241310199
2008-12-01,1458.479195693293,18.919,22.925986326174073,5.113274251850646
2009-01-01,1309.418793270724,18.517,22.329417920751396,4.664594672110265
2009-02-01,1351.910677907733,18.581,21.822002833810103,4.676110768078936
2009-03-01,1379.1323001459725,18.752,23.169590065484805,5.02706379272419
2009-04-01,1439.1953322477987,18.69,24.12961783293006,5.081189443776945
2009-05-01,1523.723890447598,18.838,24.34685614909529,4.886279519507186
2009-06-01,1526.6289647576077,18.821,23.848903348157567,4.8079700669202206
2009-07-01,1676.6168754299636,19.047,27.30421478712687,5.384926474950648
2009-08-01,1602.2519390327054,18.993,29.801075506318167,6.007659364456543
2009-09-01,1571.9100517948254,18.646,28.252414697067664,5.395003058923235
2009-10-01,1688.8165322190073,19.07,30.65859517539145,6.052860041133577
2009-11-01,1813.3374524301094,18.964,32.47732539766043,6.383659897833655
2009-12-01,2035.0252455743018,18.552,37.920505421212475,7.6098362160979205
2010-01-01,1498.1139661064021,18.189,24.590016381798588,5.187122495698309
2010-02-01,1620.9535785404414,18.136,23.69102930436932,4.782255278950906
2010-03-01,1638.3148018556135,18.357,27.851218339733887,5.673631568653031
2010-04-01,1726.9531300852798,18.307,26.81897646457612,5.744769794237186
2010-05-01,1837.8304362106946,18.386,31.624839713088946,6.4029177403295146
2010-06-01,1900.4839316079433,18.328,32.11376250958556,6.129345906371658
2010-07-01,2041.8329533268732,18.458,33.56604668193101,6.585537681845885
2010-08-01,2024.0157128889757,18.385,33.06843335514776,6.728291570769793
2010-09-01,1961.2400700481396,18.262,31.46068525211905,6.294061932053091
2010-10-01,2080.6025519214018,18.378,33.53385953272122,7.0383873930309235
2010-11-01,2275.134570578131,18.458,39.3021185426066,8.370916168905929
2010-12-01,2569.713488695557,18.049,40.651403837480736,7.828308159668399
2011-01-01,1821.3173967976336,17.835,27.408566062005395,5.115297686383312
2011-02-01,1973.1880682747885,17.91,28.417253868750716,5.8409329063428554
2011-03-01,2000.5086790699343,18.13,31.234846164174684,6.567769840715801
2011-04-01,2078.4060440663184,18.066,30.634481645820795,6.331032101275508
2011-05-01,2272.6284657374094,18.054,36.72243104391543,7.5181256559816125
2011-06-01,2303.3927889021893,17.982,36.02106307361775,7.320043063505767
2011-07-01,2505.5446169522884,18.299,39.51820659371954,7.825964831548219
2011-08-01,2404.2802594392006,18.013,37.689101414652136,7.837981975682244
2011-09-01,2428.947881520401,18.03,36.612269945662064,7.281588202276887
2011-10-01,2566.725936068602,18.389,39.854076739249955,8.289626309386017
2011-11-01,2831.30798321456,18.253,43.76277565820538,8.922529233778
2011-12-01,3204.1896114270216,17.825,50.9698433038372,10.467132826471351
2012-01-01,2267.340364356325,17.759,32.64280951635899,6.754222811891264
2012-02-01,2415.9440483542917,17.727,34.357700659091115,7.0599224880691
2012-03-01,2526.618450204599,17.86,35.97876029983295,7.624579814044906
2012-04-01,2563.658176754352,17.882,37.2790951489307,7.524783881810511
2012-05-01,2854.8781513028384,18.037,41.44232318467115,7.71704031878173
2012-06-01,2869.9390118489323,17.961,42.07367842544692,8.86563179183161
2012-07-01,3067.1329596987002,17.926,45.093951588533,9.041170277761852
2012-08-01,2936.984132989609,18.056,43.272381598794794,9.038781999041712
2012-09-01,2940.3918152031283,17.898,43.15400249114934,8.860343460379873
2012-10-01,3136.552510012251,18.182,46.553960582826946,9.762430451243938
2012-11-01,3372.195787897685,17.979,50.82065562931953,10.291093005080501
2012-12-01,3827.6687822319245,17.73,56.44756332935845,11.383048154195647
2013-01-01,2806.967080962982,17.52,36.316786731454584,7.65336180939199
2013-02-01,2985.5383573647446,17.461,38.02925362350043,7.411256549785957
2013-03-01,3036.8767044237197,17.745,43.30961085106681,8.940172068914826
2013-04-01,3142.345506920005,17.926,43.182917615179726,9.092123555847703
2013-05-01,3457.391656480952,18.021,49.03510104846149,9.92662386187359
2013-06-01,3420.9120120507346,17.867,47.42945000664057,9.802411997301686
2013-07-01,3746.579888589401,18.097,52.72004709954807,10.578042660317069
2013-08-01,3613.489389222136,18.037,49.6976805705334,10.508077168362174
2013-09-01,3565.9649710902095,17.854,47.93742764022904,10.14807851372201
2013-10-01,3881.0241374734337,18.155,56.00222511388426,11.214821102514476
2013-11-01,4211.03963265249,18.131,59.99195774512391,12.407624864036245
2013-12-01,4737.765346075774,17.811,66.9889982798766,13.233649174340723
2014-01-01,3301.6915506987602,17.473,55.52519808286642,10.806807083617755
2014-02-01,3479.7790316024907,17.31,57.98827303448562,12.030478192424185
2014-03-01,3661.216953865051,17.549,48.78049749274013,10.020512395228078
2014-04-01,3825.4653983271946,17.51,50.28245928466328,10.507201693731343
2014-05-01,4207.782075428241,17.478,52.71394209075545,11.159284012895887
2014-06-01,4176.635379833193,17.221,50.07355066036824,10.50584601323412
2014-07-01,4552.729808696412,17.344,57.74154282751736,11.802554408828472
2014-08-01,4346.580165512112,17.29,50.15876046133204,10.23386261347864
2014-09-01,4458.497906845865,17.112,52.912839119637,10.928140488119265
2014-10-01,4812.728785395732,17.528,61.69412069676738,13.122817753062085
2014-11-01,5142.017489385423,17.346,67.34600002753557,13.66187021077061
2014-12-01,6228.624121823712,17.021,80.0033263889772,15.908741174856539
2015-01-01,4076.827174668586,16.615,51.48079638430109,10.92455020682391
2015-02-01,4373.936715823633,16.554,53.949529224002106,11.150707507331592
2015-03-01,4525.503349442055,16.652,55.15220394752426,11.042768795725655
2015-04-01,4489.8156137876385,16.827,55.77597701811462,11.55676266051584
2015-05-01,4979.896875385859,16.783,60.99474423064098,12.472606274141992
2015-06-01,5006.358772980625,16.542,60.83336810076567,12.252834958015036
2015-07-01,5715.80941271599,16.98,72.05987485155543,14.789472558612909
2015-08-01,5258.950062888007,16.999,67.48017321070488,13.351535782933212
2015-09-01,5529.790426150659,16.693,67.76630395469827,14.09667113116238
2015-10-01,5971.92401410518,17.043,73.07360669982455,15.715440293818261
2015-11-01,6503.118812209178,16.788,82.5668291828513,16.582999635297455
2015-12-01,7507.28235064703,16.428,93.81104304016105,19.75667811680195
2016-01-01,4993.32387439477,16.188,60.17681463543419,12.26140620101472
2016-02-01,5306.815910572492,16.045,63.38485781654154,13.121688578599597
2016-03-01,5496.229364231514,16.309,65.2257573780522,12.860030384678781
2016-04-01,5614.605726298264,16.264,66.97498406540454,13.591799810165977
2016-05-01,6208.790106259374,16.194,69.77506604269313,14.624535716672868
2016-06-01,6184.680337656454,16.111,70.21956108565985,14.483052353343911
2016-07-01,6825.358411675211,16.42,79.13956853466284,16.506171803153514
2016-08-01,6647.479487599598,16.43,75.79317035159704,15.691815269418166
2016-09-01,6557.904759176842,16.114,73.82879994481786,15.601154741934222
2016-10-01,7354.112522131019,16.451,87.00195516796148,18.913109544500987
2016-11-01,7966.084360870761,16.25,96.50988680621575,19.578968104751674
2016-12-01,9172.444385169512,15.781,114.20799480123502,23.225903630036488
2017-01-01,5933.275612135912,15.798,65.32723683531911,13.69600008803135
2017-02-01,6219.375933073172,15.707,67.84227338882461,14.505116109009869
2017-03-01,6699.828322899938,15.822,73.41331811578351,15.314335228360068
2017-04-01,6694.001355391132,15.936,73.3201881563387,15.683324300618239
2017-05-01,7619.652981616387,15.923,85.2493972533262,17.165260295208604
2017-06-01,7641.40194865575,15.829,84.80247897769016,17.509505758262538
2017-07-01,8308.241623861612,16.084,93.30091755733942,18.639257715179276
2017-08-01,8328.147907019942,15.93,91.05590512137434,18.782358255077114
2017-09-01,8087.728741104644,15.817,88.91352031777194,18.203254701326305
2017-10-01,8985.921728880932,16.122,102.27054624341483,21.605604065280435
2017-11-01,9819.72672568491,15.852,110.99758853371262,23.02227879059463
2017-12-01,11617.096474972739,15.544,133.42251767770628,27.47674703758721
2018-01-01,7193.085617630532,15.443,75.29966621579095,15.620275951176675
2018-02-01,7666.822142141827,15.357,79.04532470071418,16.48096399622975
2018-03-01,8038.628177211092,15.61,84.23378785039746,17.69737947601657
2018-04-01,8281.82775171632,15.787,86.68095275466408,18.028704508050666
2018-05-01,9442.657957176416,15.637,98.96158107084962,20.362154065210575
2018-06-01,9370.68376401394,15.561,97.98783845880492,21.193124332718547
2018-07-01,10381.425649561059,15.785,106.6170085238915,22.494988489945364
2018-08-01,10014.570153422892,15.802,105.9856730456284,21.731587911760826
2018-09-01,9942.630756380699,15.431,104.95804340925083,21.010951940287548
2018-10-01,11000.170260424089,15.871,116.91830928342733,24.178754276220726
2018-11-01,12047.160213454565,15.705,129.35804720365627,26.911259626703174
2018-12-01,14167.91731571471,15.305,155.19463007857118,32.12878325342384
2019-01-01,9397.833743152563,15.243,93.73896748327263,18.935694834842174
2019-02-01,9861.925687010345,15.144,96.80028962473799,20.75789909093473
2019-03-01,10480.519980379286,15.336,106.60053757481228,21.0874313343925
2019-04-01,10635.030765880701,15.555,106.50876486219141,20.937643951002602
2019-05-01,11836.265162154665,15.543,118.21713407022821,25.241743675556766
2019-06-01,12022.008795574331,15.452,119.31571222709105,24.915658422093326
2019-07-01,12674.237382087256,15.79,124.40477041654522,25.87298155233627
2019-08-01,12560.835177095154,15.806,123.9310468590485,25.85349039073198
2019-09-01,12332.067993378443,15.459,121.65256881776905,24.780097706498204
2019-10-01,13457.811524863228,15.827,135.58495663708698,29.633835653784324
2019-11-01,13384.561821484947,15.633,135.04281178672878,29.73561586743503
2019-12-01,15356.901966938993,15.055,158.2024396404864,32.24790752039208
